Название,Цена (руб),Ссылка
Диван прямой Нумо Velvet Grey,39990,https://www.divan.ru/product/divan-pryamoj-numo-velvet-grey
Пуф Дзен Лес,7990,https://www.divan.ru/product/puf-dzen-les
Диван прямой Спейс Velvet Grey,68990,https://www.divan.ru/product/divan-spejs-velvet-grey
Диван прямой Филс-Мини 120 Velvet Olive,28990,https://www.divan.ru/product/divan-pryamoj-fils-mini-120-velvet-olive
Кресло поворотное Асвен Textile Plum,29990,https://www.divan.ru/product/kreslo-povorotnoe-asven-textile-plum
Диван прямой Лилт Bucle Silver,84990,https://www.divan.ru/product/divan-lilt-bucle-silver
Диван прямой Массе-М Мини Velvet Navy Blue,49990,https://www.divan.ru/product/divan-pryamoj-masse-m-mini-velvet-navy-blue
Кресло Рофл Velvet Silver,22990,https://www.divan.ru/product/kreslo-rofl-velvet-silver
Диван угловой Кирмас-3 Velvet Terra,69990,https://www.divan.ru/product/divan-uglovoj-kirmas-3-velvet-terra
Диван прямой Тилар Cozy Milk,32990,https://www.divan.ru/product/divan-pryamoj-tilar-cozy-milk
Диван прямой Спейс Velvet Olive,68990,https://www.divan.ru/product/divan-spejs-velvet-olive
Кресло поворотное Я не минималист Beast Ink,59990,https://www.divan.ru/product/kreslo-povorotnoe-i-am-not-minimalist-beast-ink
Диван прямой Аронт Мини Velvet Smoke,58990,https://www.divan.ru/product/divan-pryamoj-aront-mini-velvet-smoke
Диван прямой Филс-Мини 140 Velvet Light,33990,https://www.divan.ru/product/divan-pryamoj-fils-mini-140-velvet-light
Кресло Нелви Cozy Terra,26990,https://www.divan.ru/product/kreslo-nelvi-cozy-terra
Пуф Хоши Soft White,9990,https://www.divan.ru/product/puf-hoshi-soft-white
Кресло поворотное Брувис Textile Terra,17990,https://www.divan.ru/product/kreslo-povorotnoe-bruvis-textile-terra
Диван прямой Нумо-Мини 120 Textile Light,27990,https://www.divan.ru/product/divan-numo-mini-textile-light
Диван прямой Мелоу Velvet Beige,57990,https://www.divan.ru/product/divan-pryamoj-melou-velvet-beige
Кресло Данго Bucle White,44990,https://www.divan.ru/product/kreslo-dango-bucle-white
Диван прямой Клаймар Velvet Terra,63990,https://www.divan.ru/product/divan-klajmar-velvet-terra
Кресло Навис Textile Light,13990,https://www.divan.ru/product/kreslo-navis-textile-light
Диван угловой Кирмас-4 Velvet Olive,106990,https://www.divan.ru/product/divan-uglovoj-kirmas-4-velvet-olive
Диван прямой Лонди Bunny Milk,49990,https://www.divan.ru/product/divan-londi-bunny-milk
Кресло Манси Soft Terra,17991,https://www.divan.ru/product/kreslo-mansi-soft-terra
Диван прямой Слипсон Velvet Honey,62990,https://www.divan.ru/product/divan-slipson-velvet-honey
Кресло Лучето Bucle Dark Blue,13990,https://www.divan.ru/product/kreslo-lucheto-bucle-dark-blue
Диван прямой Льери Мини Velvet Yellow,64990,https://www.divan.ru/product/divan-leri-mini-velvet-yellow
Кресло Тут Рядом Мечта Сине-бежевое,19990,https://www.divan.ru/product/kreslo-tut-ryadom-mechta-sine-bejevoe
Диван прямой Аронт Мини Velvet Pink,58990,https://www.divan.ru/product/divan-pryamoj-aront-mini-velvet-pink
Диван прямой Эби Velvet Coral,67990,https://www.divan.ru/product/divan-ebi-velvet-coral
Пуф Дзен-1 Диалог,10990,https://www.divan.ru/product/puf-dzen-1-dialog
Кресло Хэйва Velvet Cherry,13990,https://www.divan.ru/product/kreslo-hejva-velvet-cherry
Диван прямой Филс-Мини 120 Velvet Silver,28990,https://www.divan.ru/product/divan-pryamoj-fils-mini-120-velvet-silver
Диван модульный Риббл-1 Bucle Mint,78980,https://www.divan.ru/product/modulnyj-divan-ribbl-1-bucle-mint
Диван угловой Нордика мини Velvet Olive,59990,https://www.divan.ru/product/divan-uglovoj-nordika-mini-velvet-olive
Диван угловой Эдвин Velvet Terra,79990,https://www.divan.ru/product/divan-uglovoj-edvin-velvet-terra
Банкетка Хоши-2 Soft White,21990,https://www.divan.ru/product/banketka-hoshi-2-soft-white
Диван угловой Кирмас-1 Soft Sand,71990,https://www.divan.ru/product/divan-uglovoj-kirmas-1-soft-sand
Кресло Пайл Textile Ginger,28990,https://www.divan.ru/product/kreslo-pajl-textile-ginger
Кресло Грейн Textile Olive,8091,https://www.divan.ru/product/kreslo-grejn-textile-olive
Диван угловой Онте Bucle Silver,112990,https://www.divan.ru/product/divan-uglovoj-onte-bucle-silver
Пуф Корк Velvet Moss,11990,https://www.divan.ru/product/puf-kork-velvet-moss
Диван прямой Види Textile Navy Blue,27990,https://www.divan.ru/product/divan-vidi-textile-navy-blue
Диван угловой Аллаум Linia Stone,53991,https://www.divan.ru/product/divan-uglovoj-allaum-linia-stone
Кресло Ансил Bucle Milk,32990,https://www.divan.ru/product/kreslo-ansil-bucle-milk
Диван угловой Аронт Мини Velvet Olive,62990,https://www.divan.ru/product/divan-uglovoj-aront-mini-velvet-olive
Диван модульный Брера-8 Bucle Beige,163970,https://www.divan.ru/product/modulnyj-divan-brera-8-bucle-beige
