Название,Цена,Ссылка
Подвесной светильник Ферум Orange,4990,https://www.divan.ru/product/podvesnoj-svetilnik-ferum-orange
Настольная лампа Нидлс Raffia Beige,6990,https://www.divan.ru/product/nastolnaya-lampa-nidls-raffia-beige
Светильник потолочный Ринга Black,2490,https://www.divan.ru/product/svetilnik-potolochnyj-ringa-black
Подвесной светильник Малинг Black,6990,https://www.divan.ru/product/podvesnoj-svetilnik-maling-black
Торшер Бьйорк White,7990,https://www.divan.ru/product/torsher-bjork-white
Подвесной светильник Нидлс Beige,5990,https://www.divan.ru/product/podvesnoj-svetilnik-nidls-beige
Настольная лампа Машрум-2 Black,4990,https://www.divan.ru/product/nastolnaya-lampa-mashrum-2-black
Настольная лампа Арбет White,1990,https://www.divan.ru/product/nastolnaya-lampa-arbet-white
Торшер Вена Black,11 990,https://www.divan.ru/product/torsher-vena-black
Торшер Ларри Black,13 990,https://www.divan.ru/product/torsher-larri-black
Подвесной светильник Тубули-5 Wood,7990,https://www.divan.ru/product/podvesnoj-svetilnik-tubuli-5-wood
Настольная лампа Сфера Orange,5990,https://www.divan.ru/product/nastolnaya-lampa-sfera-orange
Бра Смастен White,2990,https://www.divan.ru/product/bra-smasten-white
Торшер Алней-1 Black,7990,https://www.divan.ru/product/torsher-alnej-1-black
Настольная лампа Арвика Wood,3990,https://www.divan.ru/product/nastolnaya-lampa-arvika-wood
Настольная лампа Спайк Orange,990,https://www.divan.ru/product/nastolnaya-lampa-spajk-orange
Подвесной светильник Инлада Wood,6990,https://www.divan.ru/product/podvesnoj-svetilnik-inlada-wood
Торшер Нидлс-2 Black,15 990,https://www.divan.ru/product/torsher-nidls-2-black
Настольная лампа Алней Beige,5990,https://www.divan.ru/product/nastolnaya-lampa-alnej-beige
Настольная лампа Нидлс-3 Beige,4990,https://www.divan.ru/product/nastolnaya-lampa-nidls-3-beige
Подвесной светильник Намсен Black,10 990,https://www.divan.ru/product/podvesnoj-svetilnik-namsen-black
Настольная лампа Машрум-2 Pink,4990,https://www.divan.ru/product/nastolnaya-lampa-mashrum-2-pink
Торшер Нидлс Khaki,16 990,https://www.divan.ru/product/torsher-nidls-khaki
Торшер Нидлс-2 Beige,15 990,https://www.divan.ru/product/torsher-nidls-2-beige
Люстра Ливсден Brown,18 990,https://www.divan.ru/product/lyustra-livsden-brown
Торшер Алней-1 Beige,7990,https://www.divan.ru/product/torsher-alnej-1-beige
Подвесной светильник Гронтри-1 Wood,8990,https://www.divan.ru/product/podvesnoj-svetilnik-grontri-1-wood
Настольная лампа Нидлс-2 Beige,3990,https://www.divan.ru/product/nastolnaya-lampa-nidls-2-beige
Настольная лампа Спайк Green,1390,https://www.divan.ru/product/nastolnaya-lampa-spajk-green
Настольная лампа Машрум-2 Green,4990,https://www.divan.ru/product/nastolnaya-lampa-mashrum-2-green
Бра Бракетт White,4990,https://www.divan.ru/product/bra-brakett-white
Торшер Алней-1 Green,7990,https://www.divan.ru/product/torsher-alnej-1-green
Настольная лампа Алней Black,5990,https://www.divan.ru/product/nastolnaya-lampa-alnej-black
Подвесной светильник Отра Wood,11 990,https://www.divan.ru/product/podvesnoj-svetilnik-otra-wood
Светильник потолочный Орхус White,12 990,https://www.divan.ru/product/svetilnik-potolochnyj-orhus-white
Настольная лампа Раффи Round,6990,https://www.divan.ru/product/nastolnaya-lampa-raffi-round
Торшер Раффи Round,12 990,https://www.divan.ru/product/torsher-raffi-round
Настольная лампа Машрум-2 Grey,4990,https://www.divan.ru/product/nastolnaya-lampa-mashrum-2-grey
Торшер Алней Beige,9990,https://www.divan.ru/product/torsher-alnej-beige
Подвесной светильник Рена Green,2990,https://www.divan.ru/product/podvesnoj-svetilnik-rena-green
Светильник потолочный Ринга White,2490,https://www.divan.ru/product/svetilnik-potolochnyj-ringa-white
Подвесной светильник Кронор Black,4990,https://www.divan.ru/product/podvesnoj-svetilnik-kronor-black
Подвесной светильник Селау-2 Glass,2490,https://www.divan.ru/product/podvesnoj-svetilnik-selau-2-glass
Подвесной светильник Джамби Rattan,9990,https://www.divan.ru/product/podvesnoj-svetilnik-djambi-rattan
Бра Пинна Black,4990,https://www.divan.ru/product/bra-pinna-black
Подвесной светильник Бьйорк White,4990,https://www.divan.ru/product/podvesnoj-svetilnik-bjork-white
Торшер Логмар Black,17 990,https://www.divan.ru/product/torsher-logmar-black
Настольная лампа Чэд Black,3990,https://www.divan.ru/product/nastolnaya-lampa-ched-black
